source_label,source_module,source_occurrence_id,logical_item_id,logical_question_id,source_question_number,question_order,question_type,question_text,highlighted_text,paragraph_id,paragraph_order,start_offset,end_offset,confidence,evidence_kind,reason,candidate_source_question_numbers,passage_text_occurrence_count,offset_verified
5.3A,m1,reading-source-5-3a-m1-rap-13,reading-rap-7945215d82567f1f6f2af63a,reading-rap-7945215d82567f1f6f2af63a-q01,31,1,rap_multiple_choice,The word “grappling” in the passage is closest in meaning to,grappling,reading-rap-7945215d82567f1f6f2af63a-passage-01-p01,1,33,42,HIGH,unique_exact_quoted_text,DOCX highlighted text exactly equals one quoted word/phrase in exactly one question in the passage group.,31,1,True
5.3A,m2,reading-source-5-3a-m2-rap-19,reading-rap-a892b1f2362ab7405dd93573,reading-rap-a892b1f2362ab7405dd93573-q01,11,1,rap_multiple_choice,The word “prevailing” in the passage is closest in meaning to,prevailing,reading-rap-a892b1f2362ab7405dd93573-passage-01-p01,1,114,124,HIGH,unique_exact_quoted_text,DOCX highlighted text exactly equals one quoted word/phrase in exactly one question in the passage group.,11,1,True
5.3A,m2,reading-source-5-3a-m2-rap-19,reading-rap-a892b1f2362ab7405dd93573,reading-rap-a892b1f2362ab7405dd93573-q03,13,3,rap_multiple_choice,"Why does the author of the passage mention “paraphrasing, summarizing, and clarifying”?","paraphrasing, summarizing, and clarifying",reading-rap-a892b1f2362ab7405dd93573-passage-01-p02,2,178,219,HIGH,unique_exact_quoted_text,DOCX highlighted text exactly equals one quoted word/phrase in exactly one question in the passage group.,13,1,True
5.3B,m1,reading-source-5-3b-m1-rap-08,reading-rap-4f8833c13727320a3fbd20a9,reading-rap-4f8833c13727320a3fbd20a9-q02,27,2,rap_multiple_choice,Why does the author mention “a prism”?,a prism,reading-rap-4f8833c13727320a3fbd20a9-passage-01-p01,1,507,514,HIGH,unique_exact_quoted_text,DOCX highlighted text exactly equals one quoted word/phrase in exactly one question in the passage group.,27,1,True
5.3B,m1,reading-source-5-3b-m1-rap-08,reading-rap-4f8833c13727320a3fbd20a9,reading-rap-4f8833c13727320a3fbd20a9-q05,30,5,rap_multiple_choice,The word “prophecy” in the passage is closest in meaning to,prophecy,reading-rap-4f8833c13727320a3fbd20a9-passage-01-p03,3,178,186,HIGH,unique_exact_quoted_text,DOCX highlighted text exactly equals one quoted word/phrase in exactly one question in the passage group.,30,1,True
5.3B,m1,reading-source-5-3b-m1-rap-13,reading-rap-bad55ea4a5cad4980668095d,reading-rap-bad55ea4a5cad4980668095d-q01,31,1,rap_multiple_choice,The word “revolutionize” in the passage is closest in meaning to,revolutionize,reading-rap-bad55ea4a5cad4980668095d-passage-01-p01,1,30,43,HIGH,unique_exact_quoted_text,DOCX highlighted text exactly equals one quoted word/phrase in exactly one question in the passage group.,31,1,True
5.3B,m1,reading-source-5-3b-m1-rap-13,reading-rap-bad55ea4a5cad4980668095d,reading-rap-bad55ea4a5cad4980668095d-q04,34,4,rap_multiple_choice,Why does the author mention “external disturbances”?,external disturbances,reading-rap-bad55ea4a5cad4980668095d-passage-01-p03,3,90,111,HIGH,unique_exact_quoted_text,DOCX highlighted text exactly equals one quoted word/phrase in exactly one question in the passage group.,34,1,True
5.3B,m2,reading-source-5-3b-m2-rap-19,reading-rap-520073d086537b70cc6ba0fa,reading-rap-520073d086537b70cc6ba0fa-q03,13,3,rap_multiple_choice,The word “sophisticated” in the passage is closest in meaning to,sophisticated,reading-rap-520073d086537b70cc6ba0fa-passage-01-p02,2,69,82,HIGH,unique_exact_quoted_text,DOCX highlighted text exactly equals one quoted word/phrase in exactly one question in the passage group.,13,1,True
5.5A,m1,reading-source-5-5a-m1-rap-08,reading-rap-4986420f2a3c5df66f0fe8d2,reading-rap-4986420f2a3c5df66f0fe8d2-q01,26,1,rap_multiple_choice,The word “harness” in the passage is closest in meaning to,harness,reading-rap-4986420f2a3c5df66f0fe8d2-passage-01-p01,1,587,594,HIGH,unique_exact_quoted_text,DOCX highlighted text exactly equals one quoted word/phrase in exactly one question in the passage group.,26,1,True
5.5A,m1,reading-source-5-5a-m1-rap-08,reading-rap-4986420f2a3c5df66f0fe8d2,reading-rap-4986420f2a3c5df66f0fe8d2-q03,28,3,rap_multiple_choice,Why does the author mention “buoyancy principles”?,buoyancy principles,reading-rap-4986420f2a3c5df66f0fe8d2-passage-01-p02,2,71,90,HIGH,unique_exact_quoted_text,DOCX highlighted text exactly equals one quoted word/phrase in exactly one question in the passage group.,28,1,True
5.5A,m1,reading-source-5-5a-m1-rap-08,reading-rap-4986420f2a3c5df66f0fe8d2,reading-rap-4986420f2a3c5df66f0fe8d2-q04,29,4,rap_multiple_choice,What can be inferred about the acceleration of “wear and tear” in floating turbines?,wear and tear,reading-rap-4986420f2a3c5df66f0fe8d2-passage-01-p02,2,405,418,HIGH,unique_exact_quoted_text,DOCX highlighted text exactly equals one quoted word/phrase in exactly one question in the passage group.,29,1,True
5.5A,m1,reading-source-5-5a-m1-rap-13,reading-rap-f3d29f9504924cfb48ba1434,reading-rap-f3d29f9504924cfb48ba1434-q05,35,5,rap_multiple_choice,The word “precipitated” in the passage is closest in meaning to,precipitated,reading-rap-f3d29f9504924cfb48ba1434-passage-01-p02,2,700,712,HIGH,unique_exact_quoted_text,DOCX highlighted text exactly equals one quoted word/phrase in exactly one question in the passage group.,35,1,True
5.5A,m2,reading-source-5-5a-m2-rap-19,reading-rap-9e68f83255448c35a0994ea1,reading-rap-9e68f83255448c35a0994ea1-q02,12,2,rap_multiple_choice,Why does the author mention “gravitational lensing” in the passage?,gravitational lensing,reading-rap-9e68f83255448c35a0994ea1-passage-01-p01,1,559,580,HIGH,unique_exact_quoted_text,DOCX highlighted text exactly equals one quoted word/phrase in exactly one question in the passage group.,12,1,True
5.5A,m2,reading-source-5-5a-m2-rap-19,reading-rap-9e68f83255448c35a0994ea1,reading-rap-9e68f83255448c35a0994ea1-q03,13,3,rap_multiple_choice,The word “minimized” in the passage is closest in meaning to,minimized,reading-rap-9e68f83255448c35a0994ea1-passage-01-p02,2,392,401,HIGH,unique_exact_quoted_text,DOCX highlighted text exactly equals one quoted word/phrase in exactly one question in the passage group.,13,1,True
5.5B,m1,reading-source-5-5b-m1-rap-08,reading-rap-4986420f2a3c5df66f0fe8d2,reading-rap-4986420f2a3c5df66f0fe8d2-q01,26,1,rap_multiple_choice,The word “harness” in the passage is closest in meaning to,harness,reading-rap-4986420f2a3c5df66f0fe8d2-passage-01-p01,1,587,594,HIGH,unique_exact_quoted_text,DOCX highlighted text exactly equals one quoted word/phrase in exactly one question in the passage group.,26,1,True
5.5B,m1,reading-source-5-5b-m1-rap-08,reading-rap-4986420f2a3c5df66f0fe8d2,reading-rap-4986420f2a3c5df66f0fe8d2-q03,28,3,rap_multiple_choice,Why does the author mention “buoyancy principles”?,buoyancy principles,reading-rap-4986420f2a3c5df66f0fe8d2-passage-01-p02,2,71,90,HIGH,unique_exact_quoted_text,DOCX highlighted text exactly equals one quoted word/phrase in exactly one question in the passage group.,28,1,True
5.5B,m1,reading-source-5-5b-m1-rap-08,reading-rap-4986420f2a3c5df66f0fe8d2,reading-rap-4986420f2a3c5df66f0fe8d2-q04,29,4,rap_multiple_choice,What can be inferred about the acceleration of “wear and tear” in floating turbines?,wear and tear,reading-rap-4986420f2a3c5df66f0fe8d2-passage-01-p02,2,405,418,HIGH,unique_exact_quoted_text,DOCX highlighted text exactly equals one quoted word/phrase in exactly one question in the passage group.,29,1,True
5.5B,m1,reading-source-5-5b-m1-rap-13,reading-rap-f3d29f9504924cfb48ba1434,reading-rap-f3d29f9504924cfb48ba1434-q05,35,5,rap_multiple_choice,The word “precipitated” in the passage is closest in meaning to,precipitated,reading-rap-f3d29f9504924cfb48ba1434-passage-01-p02,2,700,712,HIGH,unique_exact_quoted_text,DOCX highlighted text exactly equals one quoted word/phrase in exactly one question in the passage group.,35,1,True
5.5B,m2,reading-source-5-5b-m2-rap-19,reading-rap-0dd51c79faabdb5cfd63f07e,reading-rap-0dd51c79faabdb5cfd63f07e-q02,12,2,rap_multiple_choice,The word “vigilant” in the passage is closest in meaning to,vigilant,reading-rap-0dd51c79faabdb5cfd63f07e-passage-01-p02,2,236,244,HIGH,unique_exact_quoted_text,DOCX highlighted text exactly equals one quoted word/phrase in exactly one question in the passage group.,12,1,True
5.6A,m1,reading-source-5-6a-m1-rap-08,reading-rap-00d1af757b20b7f4f6440076,reading-rap-00d1af757b20b7f4f6440076-q02,27,2,rap_multiple_choice,The word “transformative” in the passage is closest in meaning to,transformative,reading-rap-00d1af757b20b7f4f6440076-passage-01-p01,1,278,292,HIGH,unique_exact_quoted_text,DOCX highlighted text exactly equals one quoted word/phrase in exactly one question in the passage group.,27,1,True
5.6A,m1,reading-source-5-6a-m1-rap-08,reading-rap-00d1af757b20b7f4f6440076,reading-rap-00d1af757b20b7f4f6440076-q04,29,4,rap_multiple_choice,Why does the author mention “the global spread of wireless technology”?,the global spread of wireless technology,reading-rap-00d1af757b20b7f4f6440076-passage-01-p03,3,448,488,HIGH,unique_exact_quoted_text,DOCX highlighted text exactly equals one quoted word/phrase in exactly one question in the passage group.,29,1,True
5.6A,m1,reading-source-5-6a-m1-rap-13,reading-rap-65673b292aab5d2297ddb13f,reading-rap-65673b292aab5d2297ddb13f-q01,31,1,rap_multiple_choice,The word “anomalies” in the passage is closest in meaning to,anomalies,reading-rap-65673b292aab5d2297ddb13f-passage-01-p01,1,290,299,HIGH,unique_exact_quoted_text,DOCX highlighted text exactly equals one quoted word/phrase in exactly one question in the passage group.,31,1,True
5.6A,m2,reading-source-5-6a-m2-rap-19,reading-rap-94b83368bbbce780f1162836,reading-rap-94b83368bbbce780f1162836-q03,13,3,rap_multiple_choice,The phrase “tethered to” in the passage is closest in meaning to,tethered to,reading-rap-94b83368bbbce780f1162836-passage-01-p02,2,283,294,HIGH,unique_exact_quoted_text,DOCX highlighted text exactly equals one quoted word/phrase in exactly one question in the passage group.,13,1,True
5.6A,m2,reading-source-5-6a-m2-rap-19,reading-rap-94b83368bbbce780f1162836,reading-rap-94b83368bbbce780f1162836-q04,14,4,rap_multiple_choice,"The author notes that “all primates, including humans, are social creatures” primarily to","all primates, including humans, are social creatures",reading-rap-94b83368bbbce780f1162836-passage-01-p03,3,275,327,HIGH,unique_exact_quoted_text,DOCX highlighted text exactly equals one quoted word/phrase in exactly one question in the passage group.,14,1,True
5.6B,m1,reading-source-5-6b-m1-rap-08,reading-rap-00d1af757b20b7f4f6440076,reading-rap-00d1af757b20b7f4f6440076-q02,27,2,rap_multiple_choice,The word “transformative” in the passage is closest in meaning to,transformative,reading-rap-00d1af757b20b7f4f6440076-passage-01-p01,1,278,292,HIGH,unique_exact_quoted_text,DOCX highlighted text exactly equals one quoted word/phrase in exactly one question in the passage group.,27,1,True
5.6B,m1,reading-source-5-6b-m1-rap-08,reading-rap-00d1af757b20b7f4f6440076,reading-rap-00d1af757b20b7f4f6440076-q04,29,4,rap_multiple_choice,Why does the author mention “the global spread of wireless technology”?,the global spread of wireless technology,reading-rap-00d1af757b20b7f4f6440076-passage-01-p03,3,448,488,HIGH,unique_exact_quoted_text,DOCX highlighted text exactly equals one quoted word/phrase in exactly one question in the passage group.,29,1,True
5.6B,m1,reading-source-5-6b-m1-rap-13,reading-rap-69611be5fee90ca9b207c69e,reading-rap-69611be5fee90ca9b207c69e-q03,33,3,rap_multiple_choice,The word “Collectively” in the passage is closest in meaning to,Collectively,reading-rap-69611be5fee90ca9b207c69e-passage-01-p02,2,353,365,HIGH,unique_exact_quoted_text,DOCX highlighted text exactly equals one quoted word/phrase in exactly one question in the passage group.,33,1,True
5.6B,m2,reading-source-5-6b-m2-rap-19,reading-rap-b5efb7a2f7351888b25fd0ae,reading-rap-b5efb7a2f7351888b25fd0ae-q01,11,1,rap_multiple_choice,The word “remarkable” in the passage is closest in meaning to,remarkable,reading-rap-b5efb7a2f7351888b25fd0ae-passage-01-p01,1,36,46,HIGH,unique_exact_quoted_text,DOCX highlighted text exactly equals one quoted word/phrase in exactly one question in the passage group.,11,1,True
5.10A,m1,reading-source-5-10a-m1-rap-08,reading-rap-28ff52f3a4ffdbd69e8d95cd,reading-rap-28ff52f3a4ffdbd69e8d95cd-q02,27,2,rap_multiple_choice,Why does the author mention “a prism”?,a prism,reading-rap-28ff52f3a4ffdbd69e8d95cd-passage-01-p01,1,507,514,HIGH,unique_exact_quoted_text,DOCX highlighted text exactly equals one quoted word/phrase in exactly one question in the passage group.,27,1,True
5.10A,m1,reading-source-5-10a-m1-rap-08,reading-rap-28ff52f3a4ffdbd69e8d95cd,reading-rap-28ff52f3a4ffdbd69e8d95cd-q05,30,5,rap_multiple_choice,The word “prophecy” in the passage is closest in meaning to,prophecy,reading-rap-28ff52f3a4ffdbd69e8d95cd-passage-01-p03,3,178,186,HIGH,unique_exact_quoted_text,DOCX highlighted text exactly equals one quoted word/phrase in exactly one question in the passage group.,30,1,True
5.10A,m1,reading-source-5-10a-m1-rap-13,reading-rap-1f2a25af84cd749261037df0,reading-rap-1f2a25af84cd749261037df0-q01,31,1,rap_multiple_choice,The word “subtle” in the passage is closest in meaning to,subtle,reading-rap-1f2a25af84cd749261037df0-passage-01-p01,1,77,83,HIGH,unique_exact_quoted_text,DOCX highlighted text exactly equals one quoted word/phrase in exactly one question in the passage group.,31,1,True
5.10A,m1,reading-source-5-10a-m1-rap-13,reading-rap-1f2a25af84cd749261037df0,reading-rap-1f2a25af84cd749261037df0-q03,33,3,rap_multiple_choice,Why does the author mention “variations in rock density and the presence of faults or fractures”?,variations in rock density and the presence of faults or fractures,reading-rap-1f2a25af84cd749261037df0-passage-01-p02,2,238,304,HIGH,unique_exact_quoted_text,DOCX highlighted text exactly equals one quoted word/phrase in exactly one question in the passage group.,33,1,True
5.10A,m1,reading-source-5-10a-m1-rap-13,reading-rap-1f2a25af84cd749261037df0,reading-rap-1f2a25af84cd749261037df0-q05,35,5,rap_multiple_choice,What does the author suggest about “filtering methods and cross-referencing data from multiple seismometers”?,filtering methods and cross-referencing data from multiple seismometers,reading-rap-1f2a25af84cd749261037df0-passage-01-p03,3,242,313,HIGH,unique_exact_quoted_text,DOCX highlighted text exactly equals one quoted word/phrase in exactly one question in the passage group.,35,1,True
5.10A,m2,reading-source-5-10a-m2-rap-19,reading-rap-96e6fb86c216f62eead5bb01,reading-rap-96e6fb86c216f62eead5bb01-q01,11,1,rap_multiple_choice,The word “invaluable” in the passage is closest in meaning to,invaluable,reading-rap-96e6fb86c216f62eead5bb01-passage-01-p01,1,234,244,HIGH,unique_exact_quoted_text,DOCX highlighted text exactly equals one quoted word/phrase in exactly one question in the passage group.,11,1,True
5.10B,m1,reading-source-5-10b-m1-rap-13,reading-rap-ce5209524d2340201b2e81d2,reading-rap-ce5209524d2340201b2e81d2-q01,31,1,rap_multiple_choice,The word “amplifies” in the passage is closest in meaning to,amplifies,reading-rap-ce5209524d2340201b2e81d2-passage-01-p02,2,66,75,HIGH,unique_exact_quoted_text,DOCX highlighted text exactly equals one quoted word/phrase in exactly one question in the passage group.,31,1,True
5.10B,m2,reading-source-5-10b-m2-rap-19,reading-rap-6522c75a66bfa0f293e67432,reading-rap-6522c75a66bfa0f293e67432-q01,11,1,rap_multiple_choice,The word “interplay” in the passage is closest in meaning to,interplay,reading-rap-6522c75a66bfa0f293e67432-passage-01-p01,1,322,331,HIGH,unique_exact_quoted_text,DOCX highlighted text exactly equals one quoted word/phrase in exactly one question in the passage group.,11,1,True
5.10B,m2,reading-source-5-10b-m2-rap-19,reading-rap-6522c75a66bfa0f293e67432,reading-rap-6522c75a66bfa0f293e67432-q04,14,4,rap_multiple_choice,Why does the author mention “patients before surgery”?,patients before surgery,reading-rap-6522c75a66bfa0f293e67432-passage-01-p02,2,495,518,HIGH,unique_exact_quoted_text,DOCX highlighted text exactly equals one quoted word/phrase in exactly one question in the passage group.,14,1,True
5.11A,m1,reading-source-5-11a-m1-rap-13,reading-rap-ce5209524d2340201b2e81d2,reading-rap-ce5209524d2340201b2e81d2-q01,31,1,rap_multiple_choice,The word “amplifies” in the passage is closest in meaning to,amplifies,reading-rap-ce5209524d2340201b2e81d2-passage-01-p02,2,66,75,HIGH,unique_exact_quoted_text,DOCX highlighted text exactly equals one quoted word/phrase in exactly one question in the passage group.,31,1,True
5.11A,m2,reading-source-5-11a-m2-rap-19,reading-rap-ac764d47560f731d32d42a93,reading-rap-ac764d47560f731d32d42a93-q01,11,1,rap_multiple_choice,The word “subtle” in the passage is closest in meaning to,subtle,reading-rap-ac764d47560f731d32d42a93-passage-01-p01,1,77,83,HIGH,unique_exact_quoted_text,DOCX highlighted text exactly equals one quoted word/phrase in exactly one question in the passage group.,11,1,True
5.11A,m2,reading-source-5-11a-m2-rap-19,reading-rap-ac764d47560f731d32d42a93,reading-rap-ac764d47560f731d32d42a93-q03,13,3,rap_multiple_choice,Why does the author mention “variations in rock density and the presence of faults or fractures”?,variations in rock density and the presence of faults or fractures,reading-rap-ac764d47560f731d32d42a93-passage-01-p02,2,238,304,HIGH,unique_exact_quoted_text,DOCX highlighted text exactly equals one quoted word/phrase in exactly one question in the passage group.,13,1,True
5.11A,m2,reading-source-5-11a-m2-rap-19,reading-rap-ac764d47560f731d32d42a93,reading-rap-ac764d47560f731d32d42a93-q05,15,5,rap_multiple_choice,What does the author suggest about “filtering methods and cross-referencing data from multiple seismometers”?,filtering methods and cross-referencing data from multiple seismometers,reading-rap-ac764d47560f731d32d42a93-passage-01-p03,3,242,313,HIGH,unique_exact_quoted_text,DOCX highlighted text exactly equals one quoted word/phrase in exactly one question in the passage group.,15,1,True
5.11B,m1,reading-source-5-11b-m1-rap-08,reading-rap-fdeb6000ce9ff3558cc559b5,reading-rap-fdeb6000ce9ff3558cc559b5-q02,27,2,rap_multiple_choice,What does the author suggest may be true of “our sense of control” over our choices?,our sense of control,reading-rap-fdeb6000ce9ff3558cc559b5-passage-01-p01,1,399,419,HIGH,unique_exact_quoted_text,DOCX highlighted text exactly equals one quoted word/phrase in exactly one question in the passage group.,27,1,True
5.11B,m1,reading-source-5-11b-m1-rap-08,reading-rap-fdeb6000ce9ff3558cc559b5,reading-rap-fdeb6000ce9ff3558cc559b5-q04,29,4,rap_multiple_choice,The word “unravel” in the passage is closest in meaning to,unravel,reading-rap-fdeb6000ce9ff3558cc559b5-passage-01-p02,2,632,639,HIGH,unique_exact_quoted_text,DOCX highlighted text exactly equals one quoted word/phrase in exactly one question in the passage group.,29,1,True
5.11B,m1,reading-source-5-11b-m1-rap-13,reading-rap-a6a1d2431d2335daacfac1f5,reading-rap-a6a1d2431d2335daacfac1f5-q02,32,2,rap_multiple_choice,The phrase “advocated for” in the passage is closest in meaning to,advocated for,reading-rap-a6a1d2431d2335daacfac1f5-passage-01-p02,2,236,249,HIGH,unique_exact_quoted_text,DOCX highlighted text exactly equals one quoted word/phrase in exactly one question in the passage group.,32,1,True
5.11B,m1,reading-source-5-11b-m1-rap-13,reading-rap-a6a1d2431d2335daacfac1f5,reading-rap-a6a1d2431d2335daacfac1f5-q03,33,3,rap_multiple_choice,Why does the author discuss the “grid-based approach”?,grid-based approach,reading-rap-a6a1d2431d2335daacfac1f5-passage-01-p02,2,284,303,HIGH,unique_exact_quoted_text,DOCX highlighted text exactly equals one quoted word/phrase in exactly one question in the passage group.,33,1,True
5.11B,m2,reading-source-5-11b-m2-rap-19,reading-rap-150613dd5287e3f4b779eb5a,reading-rap-150613dd5287e3f4b779eb5a-q03,13,3,rap_multiple_choice,The word “stewardship” in the passage is closest in meaning to,stewardship,reading-rap-150613dd5287e3f4b779eb5a-passage-01-p03,3,94,105,HIGH,unique_exact_quoted_text,DOCX highlighted text exactly equals one quoted word/phrase in exactly one question in the passage group.,13,1,True
5.12,m1,reading-source-5-12-m1-rap-08,reading-rap-a67642faa0d4a3f2aca802b5,reading-rap-a67642faa0d4a3f2aca802b5-q01,26,1,rap_multiple_choice,The word “seamlessly” in the passage is closest in meaning to,seamlessly,reading-rap-a67642faa0d4a3f2aca802b5-passage-01-p01,1,243,253,HIGH,unique_exact_quoted_text,DOCX highlighted text exactly equals one quoted word/phrase in exactly one question in the passage group.,26,1,True
5.12,m1,reading-source-5-12-m1-rap-13,reading-rap-e7ce2874e8c366c253f0bed0,reading-rap-e7ce2874e8c366c253f0bed0-q02,32,2,rap_multiple_choice,The word “fosters” in the passage is closest in meaning to,fosters,reading-rap-e7ce2874e8c366c253f0bed0-passage-01-p02,2,235,242,HIGH,unique_exact_quoted_text,DOCX highlighted text exactly equals one quoted word/phrase in exactly one question in the passage group.,32,1,True
5.12,m2,reading-source-5-12-m2-rap-19,reading-rap-e87bf5f62e80a618270d51db,reading-rap-e87bf5f62e80a618270d51db-q03,13,3,rap_multiple_choice,The word “evocative” in the passage is closest in meaning to,evocative,reading-rap-e87bf5f62e80a618270d51db-passage-01-p03,3,49,58,HIGH,unique_exact_quoted_text,DOCX highlighted text exactly equals one quoted word/phrase in exactly one question in the passage group.,13,1,True
5.13,m1,reading-source-5-13-m1-rap-13,reading-rap-ed56100135e379e25de1a6d4,reading-rap-ed56100135e379e25de1a6d4-q05,35,5,rap_multiple_choice,The phrase “still in its infancy” in the passage is closest in meaning to,still in its infancy,reading-rap-ed56100135e379e25de1a6d4-passage-01-p04,4,63,83,HIGH,unique_exact_quoted_text,DOCX highlighted text exactly equals one quoted word/phrase in exactly one question in the passage group.,35,1,True
5.13,m2,reading-source-5-13-m2-rap-19,reading-rap-51f18b2b4046d93a70bdd300,reading-rap-51f18b2b4046d93a70bdd300-q03,13,3,rap_multiple_choice,The word “deliberately” in the passage is closest in meaning to,deliberately,reading-rap-51f18b2b4046d93a70bdd300-passage-01-p02,2,460,472,HIGH,unique_exact_quoted_text,DOCX highlighted text exactly equals one quoted word/phrase in exactly one question in the passage group.,13,1,True
5.13,m2,reading-source-5-13-m2-rap-19,reading-rap-51f18b2b4046d93a70bdd300,reading-rap-51f18b2b4046d93a70bdd300-q04,14,4,rap_multiple_choice,Why does the author mention “autonomy and transparency in patient care”?,autonomy and transparency in patient care,reading-rap-51f18b2b4046d93a70bdd300-passage-01-p03,3,280,321,HIGH,unique_exact_quoted_text,DOCX highlighted text exactly equals one quoted word/phrase in exactly one question in the passage group.,14,1,True
5.17,m1,reading-source-5-17-m1-rap-13,reading-rap-5817366a9ff4cc9c334fb39a,reading-rap-5817366a9ff4cc9c334fb39a-q03,33,3,rap_multiple_choice,Why does the author mention “echo chambers”?,echo chambers,reading-rap-5817366a9ff4cc9c334fb39a-passage-01-p02,2,596,609,HIGH,unique_exact_quoted_text,DOCX highlighted text exactly equals one quoted word/phrase in exactly one question in the passage group.,33,1,True
5.17,m1,reading-source-5-17-m1-rap-13,reading-rap-5817366a9ff4cc9c334fb39a,reading-rap-5817366a9ff4cc9c334fb39a-q04,34,4,rap_multiple_choice,The word “nuanced” in the passage is closest in meaning to,nuanced,reading-rap-5817366a9ff4cc9c334fb39a-passage-01-p02,2,860,867,HIGH,unique_exact_quoted_text,DOCX highlighted text exactly equals one quoted word/phrase in exactly one question in the passage group.,34,1,True
5.17,m2,reading-source-5-17-m2-rap-19,reading-rap-9597f97b9636121c0ef7ec58,reading-rap-9597f97b9636121c0ef7ec58-q03,13,3,rap_multiple_choice,What does the author point out when discussing “context”?,context,reading-rap-9597f97b9636121c0ef7ec58-passage-01-p02,2,338,345,HIGH,unique_exact_quoted_text,DOCX highlighted text exactly equals one quoted word/phrase in exactly one question in the passage group.,13,1,True
5.17,m2,reading-source-5-17-m2-rap-19,reading-rap-9597f97b9636121c0ef7ec58,reading-rap-9597f97b9636121c0ef7ec58-q04,14,4,rap_multiple_choice,The passage indicates that “legal experts” hold which of the following views?,legal experts,reading-rap-9597f97b9636121c0ef7ec58-passage-01-p03,3,27,40,HIGH,unique_exact_quoted_text,DOCX highlighted text exactly equals one quoted word/phrase in exactly one question in the passage group.,14,1,True
5.17,m2,reading-source-5-17-m2-rap-19,reading-rap-9597f97b9636121c0ef7ec58,reading-rap-9597f97b9636121c0ef7ec58-q05,15,5,rap_multiple_choice,The word “cautiously” in the passage is closest in meaning to,cautiously,reading-rap-9597f97b9636121c0ef7ec58-passage-01-p03,3,492,502,HIGH,unique_exact_quoted_text,DOCX highlighted text exactly equals one quoted word/phrase in exactly one question in the passage group.,15,1,True
5.18A,m1,reading-source-5-18a-m1-rap-08,reading-rap-69611be5fee90ca9b207c69e,reading-rap-69611be5fee90ca9b207c69e-q03,28,3,rap_multiple_choice,The word “Collectively” in the passage is closest in meaning to,Collectively,reading-rap-69611be5fee90ca9b207c69e-passage-01-p02,2,353,365,HIGH,unique_exact_quoted_text,DOCX highlighted text exactly equals one quoted word/phrase in exactly one question in the passage group.,28,1,True
5.18A,m1,reading-source-5-18a-m1-rap-13,reading-rap-cb3cd375aebae1a5539edb81,reading-rap-cb3cd375aebae1a5539edb81-q03,33,3,rap_multiple_choice,The word “impediments” in the passage is closest in meaning to,impediments,reading-rap-cb3cd375aebae1a5539edb81-passage-01-p03,3,267,278,HIGH,unique_exact_quoted_text,DOCX highlighted text exactly equals one quoted word/phrase in exactly one question in the passage group.,33,1,True
5.18A,m2,reading-source-5-18a-m2-rap-19,reading-rap-9e68f83255448c35a0994ea1,reading-rap-9e68f83255448c35a0994ea1-q02,12,2,rap_multiple_choice,Why does the author mention “gravitational lensing” in the passage?,gravitational lensing,reading-rap-9e68f83255448c35a0994ea1-passage-01-p01,1,559,580,HIGH,unique_exact_quoted_text,DOCX highlighted text exactly equals one quoted word/phrase in exactly one question in the passage group.,12,1,True
5.18A,m2,reading-source-5-18a-m2-rap-19,reading-rap-9e68f83255448c35a0994ea1,reading-rap-9e68f83255448c35a0994ea1-q03,13,3,rap_multiple_choice,The word “minimized” in the passage is closest in meaning to,minimized,reading-rap-9e68f83255448c35a0994ea1-passage-01-p02,2,392,401,HIGH,unique_exact_quoted_text,DOCX highlighted text exactly equals one quoted word/phrase in exactly one question in the passage group.,13,1,True
5.18B,m1,reading-source-5-18b-m1-rap-13,reading-rap-18254e6c2471afbb626c22b4,reading-rap-18254e6c2471afbb626c22b4-q01,31,1,rap_multiple_choice,The word “static” in the passage is closest in meaning to,static,reading-rap-18254e6c2471afbb626c22b4-passage-01-p01,1,5,11,HIGH,unique_exact_quoted_text,DOCX highlighted text exactly equals one quoted word/phrase in exactly one question in the passage group.,31,1,True
5.18B,m1,reading-source-5-18b-m1-rap-13,reading-rap-18254e6c2471afbb626c22b4,reading-rap-18254e6c2471afbb626c22b4-q04,34,4,rap_multiple_choice,Why does the author mention “hospitals” and “office spaces”?,hospitals,reading-rap-18254e6c2471afbb626c22b4-passage-01-p03,3,484,493,HIGH,unique_exact_quoted_text,DOCX highlighted text exactly equals one quoted word/phrase in exactly one question in the passage group.,34,1,True
5.18B,m1,reading-source-5-18b-m1-rap-13,reading-rap-18254e6c2471afbb626c22b4,reading-rap-18254e6c2471afbb626c22b4-q04,34,4,rap_multiple_choice,Why does the author mention “hospitals” and “office spaces”?,office spaces,reading-rap-18254e6c2471afbb626c22b4-passage-01-p03,3,568,581,HIGH,unique_exact_quoted_text,DOCX highlighted text exactly equals one quoted word/phrase in exactly one question in the passage group.,34,1,True
5.18B,m2,reading-source-5-18b-m2-rap-19,reading-rap-08b62a981873c3e2eef76ff4,reading-rap-08b62a981873c3e2eef76ff4-q01,11,1,rap_multiple_choice,Why does the author mention “neural pathways associated with attention and processing”?,neural pathways associated with attention and processing,reading-rap-08b62a981873c3e2eef76ff4-passage-01-p01,1,492,548,HIGH,unique_exact_quoted_text,DOCX highlighted text exactly equals one quoted word/phrase in exactly one question in the passage group.,11,1,True
5.18B,m2,reading-source-5-18b-m2-rap-19,reading-rap-08b62a981873c3e2eef76ff4,reading-rap-08b62a981873c3e2eef76ff4-q05,15,5,rap_multiple_choice,The word “holistic” in the passage is closest in meaning to,holistic,reading-rap-08b62a981873c3e2eef76ff4-passage-01-p03,3,260,268,HIGH,unique_exact_quoted_text,DOCX highlighted text exactly equals one quoted word/phrase in exactly one question in the passage group.,15,1,True
5.19,m1,reading-source-5-19-m1-rap-13,reading-rap-199501db577904fb79815267,reading-rap-199501db577904fb79815267-q01,31,1,rap_multiple_choice,The word “anomalies” in the passage is closest in meaning to,anomalies,reading-rap-199501db577904fb79815267-passage-01-p01,1,290,299,HIGH,unique_exact_quoted_text,DOCX highlighted text exactly equals one quoted word/phrase in exactly one question in the passage group.,31,1,True
5.19,m2,reading-source-5-19-m2-rap-19,reading-rap-96e6fb86c216f62eead5bb01,reading-rap-96e6fb86c216f62eead5bb01-q01,11,1,rap_multiple_choice,The word “invaluable” in the passage is closest in meaning to,invaluable,reading-rap-96e6fb86c216f62eead5bb01-passage-01-p01,1,234,244,HIGH,unique_exact_quoted_text,DOCX highlighted text exactly equals one quoted word/phrase in exactly one question in the passage group.,11,1,True
5.20A,m1,reading-source-5-20a-m1-rap-08,reading-rap-5a2d23cea681010acb956443,reading-rap-5a2d23cea681010acb956443-q04,29,4,rap_multiple_choice,The word “tailor” in the passage is closest in meaning to,tailor,reading-rap-5a2d23cea681010acb956443-passage-01-p03,3,81,87,HIGH,unique_exact_quoted_text,DOCX highlighted text exactly equals one quoted word/phrase in exactly one question in the passage group.,29,1,True
5.20A,m1,reading-source-5-20a-m1-rap-13,reading-rap-e7ce2874e8c366c253f0bed0,reading-rap-e7ce2874e8c366c253f0bed0-q02,32,2,rap_multiple_choice,The word “fosters” in the passage is closest in meaning to,fosters,reading-rap-e7ce2874e8c366c253f0bed0-passage-01-p02,2,235,242,HIGH,unique_exact_quoted_text,DOCX highlighted text exactly equals one quoted word/phrase in exactly one question in the passage group.,32,1,True
5.20A,m2,reading-source-5-20a-m2-rap-19,reading-rap-cc8108658460dd4758f81cea,reading-rap-cc8108658460dd4758f81cea-q03,13,3,rap_multiple_choice,The word “lavish” in the passage is closest in meaning to,lavish,reading-rap-cc8108658460dd4758f81cea-passage-01-p02,2,128,134,HIGH,unique_exact_quoted_text,DOCX highlighted text exactly equals one quoted word/phrase in exactly one question in the passage group.,13,1,True
5.20A,m2,reading-source-5-20a-m2-rap-19,reading-rap-cc8108658460dd4758f81cea,reading-rap-cc8108658460dd4758f81cea-q04,14,4,rap_multiple_choice,The author mentions “heraldic emblems” primarily to,heraldic emblems,reading-rap-cc8108658460dd4758f81cea-passage-01-p02,2,160,176,HIGH,unique_exact_quoted_text,DOCX highlighted text exactly equals one quoted word/phrase in exactly one question in the passage group.,14,1,True
5.20B,m1,reading-source-5-20b-m1-rap-13,reading-rap-fdeb6000ce9ff3558cc559b5,reading-rap-fdeb6000ce9ff3558cc559b5-q02,32,2,rap_multiple_choice,What does the author suggest may be true of “our sense of control” over our choices?,our sense of control,reading-rap-fdeb6000ce9ff3558cc559b5-passage-01-p01,1,399,419,HIGH,unique_exact_quoted_text,DOCX highlighted text exactly equals one quoted word/phrase in exactly one question in the passage group.,32,1,True
5.20B,m1,reading-source-5-20b-m1-rap-13,reading-rap-fdeb6000ce9ff3558cc559b5,reading-rap-fdeb6000ce9ff3558cc559b5-q04,34,4,rap_multiple_choice,The word “unravel” in the passage is closest in meaning to,unravel,reading-rap-fdeb6000ce9ff3558cc559b5-passage-01-p02,2,632,639,HIGH,unique_exact_quoted_text,DOCX highlighted text exactly equals one quoted word/phrase in exactly one question in the passage group.,34,1,True
5.20B,m2,reading-source-5-20b-m2-rap-19,reading-rap-28b2cecf31bfee0a244d1a09,reading-rap-28b2cecf31bfee0a244d1a09-q03,13,3,rap_multiple_choice,The word “fundamentally” in the passage is closest in meaning to,fundamentally,reading-rap-28b2cecf31bfee0a244d1a09-passage-01-p03,3,259,272,HIGH,unique_exact_quoted_text,DOCX highlighted text exactly equals one quoted word/phrase in exactly one question in the passage group.,13,1,True
5.23,m1,reading-source-5-23-m1-rap-13,reading-rap-4986420f2a3c5df66f0fe8d2,reading-rap-4986420f2a3c5df66f0fe8d2-q01,31,1,rap_multiple_choice,The word “harness” in the passage is closest in meaning to,harness,reading-rap-4986420f2a3c5df66f0fe8d2-passage-01-p01,1,587,594,HIGH,unique_exact_quoted_text,DOCX highlighted text exactly equals one quoted word/phrase in exactly one question in the passage group.,31,1,True
5.23,m1,reading-source-5-23-m1-rap-13,reading-rap-4986420f2a3c5df66f0fe8d2,reading-rap-4986420f2a3c5df66f0fe8d2-q03,33,3,rap_multiple_choice,Why does the author mention “buoyancy principles”?,buoyancy principles,reading-rap-4986420f2a3c5df66f0fe8d2-passage-01-p02,2,71,90,HIGH,unique_exact_quoted_text,DOCX highlighted text exactly equals one quoted word/phrase in exactly one question in the passage group.,33,1,True
5.23,m1,reading-source-5-23-m1-rap-13,reading-rap-4986420f2a3c5df66f0fe8d2,reading-rap-4986420f2a3c5df66f0fe8d2-q04,34,4,rap_multiple_choice,What can be inferred about the acceleration of “wear and tear” in floating turbines?,wear and tear,reading-rap-4986420f2a3c5df66f0fe8d2-passage-01-p02,2,405,418,HIGH,unique_exact_quoted_text,DOCX highlighted text exactly equals one quoted word/phrase in exactly one question in the passage group.,34,1,True
5.23,m2,reading-source-5-23-m2-rap-19,reading-rap-88bc32dacb3916e75ed13c09,reading-rap-88bc32dacb3916e75ed13c09-q02,12,2,rap_multiple_choice,The word “escalating” in the passage is closest in meaning to,escalating,reading-rap-88bc32dacb3916e75ed13c09-passage-01-p01,1,467,477,HIGH,unique_exact_quoted_text,DOCX highlighted text exactly equals one quoted word/phrase in exactly one question in the passage group.,12,1,True
5.23,m2,reading-source-5-23-m2-rap-19,reading-rap-88bc32dacb3916e75ed13c09,reading-rap-88bc32dacb3916e75ed13c09-q04,14,4,rap_multiple_choice,Why does the author mention “tree rings”?,tree rings,reading-rap-88bc32dacb3916e75ed13c09-passage-01-p02,2,198,208,HIGH,unique_exact_quoted_text,DOCX highlighted text exactly equals one quoted word/phrase in exactly one question in the passage group.,14,1,True
5.24A,m1,reading-source-5-24a-m1-rap-08,reading-rap-5e0859fbc2e185e743d11c4b,reading-rap-5e0859fbc2e185e743d11c4b-q02,27,2,rap_multiple_choice,The word “transformative” in the passage is closest in meaning to,transformative,reading-rap-5e0859fbc2e185e743d11c4b-passage-01-p01,1,278,292,HIGH,unique_exact_quoted_text,DOCX highlighted text exactly equals one quoted word/phrase in exactly one question in the passage group.,27,1,True
5.24A,m1,reading-source-5-24a-m1-rap-08,reading-rap-5e0859fbc2e185e743d11c4b,reading-rap-5e0859fbc2e185e743d11c4b-q04,29,4,rap_multiple_choice,Why does the author mention “the global spread of wireless technology”?,the global spread of wireless technology,reading-rap-5e0859fbc2e185e743d11c4b-passage-01-p03,3,448,488,HIGH,unique_exact_quoted_text,DOCX highlighted text exactly equals one quoted word/phrase in exactly one question in the passage group.,29,1,True
5.24A,m1,reading-source-5-24a-m1-rap-13,reading-rap-af2f63bf59d1743d597f47f4,reading-rap-af2f63bf59d1743d597f47f4-q02,32,2,rap_multiple_choice,What does the phrase “This consequentialist framework” refer to?,This consequentialist framework,reading-rap-af2f63bf59d1743d597f47f4-passage-01-p02,2,206,237,HIGH,unique_exact_quoted_text,DOCX highlighted text exactly equals one quoted word/phrase in exactly one question in the passage group.,32,1,True
5.24A,m1,reading-source-5-24a-m1-rap-13,reading-rap-af2f63bf59d1743d597f47f4,reading-rap-af2f63bf59d1743d597f47f4-q03,33,3,rap_multiple_choice,The word “allocating” in the passage is closest in meaning to,allocating,reading-rap-af2f63bf59d1743d597f47f4-passage-01-p02,2,482,492,HIGH,unique_exact_quoted_text,DOCX highlighted text exactly equals one quoted word/phrase in exactly one question in the passage group.,33,1,True
5.24A,m2,reading-source-5-24a-m2-rap-19,reading-rap-c2f68bcc6afcbbe710f5c87d,reading-rap-c2f68bcc6afcbbe710f5c87d-q02,12,2,rap_multiple_choice,Why does the author mention “fitting oranges into boxes”?,fitting oranges into boxes,reading-rap-c2f68bcc6afcbbe710f5c87d-passage-01-p02,2,147,173,HIGH,unique_exact_quoted_text,DOCX highlighted text exactly equals one quoted word/phrase in exactly one question in the passage group.,12,1,True
5.24A,m2,reading-source-5-24a-m2-rap-19,reading-rap-c2f68bcc6afcbbe710f5c87d,reading-rap-c2f68bcc6afcbbe710f5c87d-q04,14,4,rap_multiple_choice,The word “belie” in the passage is closest in meaning to,belie,reading-rap-c2f68bcc6afcbbe710f5c87d-passage-01-p04,4,73,78,HIGH,unique_exact_quoted_text,DOCX highlighted text exactly equals one quoted word/phrase in exactly one question in the passage group.,14,1,True
5.24B,m1,reading-source-5-24b-m1-rap-08,reading-rap-af2f63bf59d1743d597f47f4,reading-rap-af2f63bf59d1743d597f47f4-q02,27,2,rap_multiple_choice,What does the phrase “This consequentialist framework” refer to?,This consequentialist framework,reading-rap-af2f63bf59d1743d597f47f4-passage-01-p02,2,206,237,HIGH,unique_exact_quoted_text,DOCX highlighted text exactly equals one quoted word/phrase in exactly one question in the passage group.,27,1,True
5.24B,m1,reading-source-5-24b-m1-rap-08,reading-rap-af2f63bf59d1743d597f47f4,reading-rap-af2f63bf59d1743d597f47f4-q03,28,3,rap_multiple_choice,The word “allocating” in the passage is closest in meaning to,allocating,reading-rap-af2f63bf59d1743d597f47f4-passage-01-p02,2,482,492,HIGH,unique_exact_quoted_text,DOCX highlighted text exactly equals one quoted word/phrase in exactly one question in the passage group.,28,1,True
5.24B,m1,reading-source-5-24b-m1-rap-13,reading-rap-7447d5926c9979015af28e99,reading-rap-7447d5926c9979015af28e99-q03,33,3,rap_multiple_choice,The word “incredibly” in the passage is closest in meaning to,incredibly,reading-rap-7447d5926c9979015af28e99-passage-01-p03,3,36,46,HIGH,unique_exact_quoted_text,DOCX highlighted text exactly equals one quoted word/phrase in exactly one question in the passage group.,33,1,True
5.24B,m2,reading-source-5-24b-m2-rap-19,reading-rap-28b2cecf31bfee0a244d1a09,reading-rap-28b2cecf31bfee0a244d1a09-q03,13,3,rap_multiple_choice,The word “fundamentally” in the passage is closest in meaning to,fundamentally,reading-rap-28b2cecf31bfee0a244d1a09-passage-01-p03,3,259,272,HIGH,unique_exact_quoted_text,DOCX highlighted text exactly equals one quoted word/phrase in exactly one question in the passage group.,13,1,True
5.28,m1,reading-source-5-28-m1-rap-13,reading-rap-fe9caa2af2e2e6e581d4400b,reading-rap-fe9caa2af2e2e6e581d4400b-q02,32,2,rap_multiple_choice,The word “persistent” in the passage is closest in meaning to,persistent,reading-rap-fe9caa2af2e2e6e581d4400b-passage-01-p01,1,162,172,HIGH,unique_exact_quoted_text,DOCX highlighted text exactly equals one quoted word/phrase in exactly one question in the passage group.,32,1,True
5.28,m1,reading-source-5-28-m1-rap-13,reading-rap-fe9caa2af2e2e6e581d4400b,reading-rap-fe9caa2af2e2e6e581d4400b-q04,34,4,rap_multiple_choice,The passage suggests which of the following about “Patented GM seeds”?,Patented GM seeds,reading-rap-fe9caa2af2e2e6e581d4400b-passage-01-p03,3,377,394,HIGH,unique_exact_quoted_text,DOCX highlighted text exactly equals one quoted word/phrase in exactly one question in the passage group.,34,1,True
5.28,m1,reading-source-5-28-m1-rap-13,reading-rap-fe9caa2af2e2e6e581d4400b,reading-rap-fe9caa2af2e2e6e581d4400b-q05,35,5,rap_multiple_choice,The author mentions “the rapid pace of technological change” in order to,the rapid pace of technological change,reading-rap-fe9caa2af2e2e6e581d4400b-passage-01-p03,3,594,632,HIGH,unique_exact_quoted_text,DOCX highlighted text exactly equals one quoted word/phrase in exactly one question in the passage group.,35,1,True
5.28,m2,reading-source-5-28-m2-rap-19,reading-rap-cb5360908903e7adcdf0760d,reading-rap-cb5360908903e7adcdf0760d-q01,11,1,rap_multiple_choice,The word “exacerbate” in the passage is closest in meaning to,exacerbate,reading-rap-cb5360908903e7adcdf0760d-passage-01-p01,1,199,209,HIGH,unique_exact_quoted_text,DOCX highlighted text exactly equals one quoted word/phrase in exactly one question in the passage group.,11,1,True
5.28,m2,reading-source-5-28-m2-rap-19,reading-rap-cb5360908903e7adcdf0760d,reading-rap-cb5360908903e7adcdf0760d-q03,13,3,rap_multiple_choice,The passage indicates which of the following about “beach nourishment”?,beach nourishment,reading-rap-cb5360908903e7adcdf0760d-passage-01-p02,2,34,51,HIGH,unique_exact_quoted_text,DOCX highlighted text exactly equals one quoted word/phrase in exactly one question in the passage group.,13,1,True
5.28,m2,reading-source-5-28-m2-rap-19,reading-rap-cb5360908903e7adcdf0760d,reading-rap-cb5360908903e7adcdf0760d-q04,14,4,rap_multiple_choice,What can be inferred about the “natural approaches” mentioned in the passage?,natural approaches,reading-rap-cb5360908903e7adcdf0760d-passage-01-p03,3,33,51,HIGH,unique_exact_quoted_text,DOCX highlighted text exactly equals one quoted word/phrase in exactly one question in the passage group.,14,1,True
5.31,m1,reading-source-5-31-m1-rap-08,reading-rap-e7ce2874e8c366c253f0bed0,reading-rap-e7ce2874e8c366c253f0bed0-q02,27,2,rap_multiple_choice,The word “fosters” in the passage is closest in meaning to,fosters,reading-rap-e7ce2874e8c366c253f0bed0-passage-01-p02,2,235,242,HIGH,unique_exact_quoted_text,DOCX highlighted text exactly equals one quoted word/phrase in exactly one question in the passage group.,27,1,True
5.31,m2,reading-source-5-31-m2-rap-19,reading-rap-af29507332d217f7c7b827a7,reading-rap-af29507332d217f7c7b827a7-q02,12,2,rap_multiple_choice,The word “vigilant” in the passage is closest in meaning to,vigilant,reading-rap-af29507332d217f7c7b827a7-passage-01-p02,2,236,244,HIGH,unique_exact_quoted_text,DOCX highlighted text exactly equals one quoted word/phrase in exactly one question in the passage group.,12,1,True
6.1A,m1,reading-source-6-1a-m1-rap-08,reading-rap-634cdcba16cac603d9436627,reading-rap-634cdcba16cac603d9436627-q02,27,2,rap_multiple_choice,"Why does the author mention ""a prism""?",a prism,reading-rap-634cdcba16cac603d9436627-passage-01-p01,1,507,514,HIGH,unique_exact_quoted_text,DOCX highlighted text exactly equals one quoted word/phrase in exactly one question in the passage group.,27,1,True
6.1A,m1,reading-source-6-1a-m1-rap-08,reading-rap-634cdcba16cac603d9436627,reading-rap-634cdcba16cac603d9436627-q05,30,5,rap_multiple_choice,"The word ""prophecy"" in the passage is closest in meaning to",prophecy,reading-rap-634cdcba16cac603d9436627-passage-01-p03,3,178,186,HIGH,unique_exact_quoted_text,DOCX highlighted text exactly equals one quoted word/phrase in exactly one question in the passage group.,30,1,True
6.1A,m1,reading-source-6-1a-m1-rap-13,reading-rap-3c7da315889dceed32412dcf,reading-rap-3c7da315889dceed32412dcf-q03,33,3,rap_multiple_choice,"The word ""involved"" in the passage is closest in meaning to",involved,reading-rap-3c7da315889dceed32412dcf-passage-01-p02,2,233,241,HIGH,unique_exact_quoted_text,DOCX highlighted text exactly equals one quoted word/phrase in exactly one question in the passage group.,33,1,True
6.1A,m1,reading-source-6-1a-m1-rap-13,reading-rap-3c7da315889dceed32412dcf,reading-rap-3c7da315889dceed32412dcf-q04,34,4,rap_multiple_choice,"The author mentions ""a vegan cheese substitute"" primarily in order to",a vegan cheese substitute,reading-rap-3c7da315889dceed32412dcf-passage-01-p02,2,288,313,HIGH,unique_exact_quoted_text,DOCX highlighted text exactly equals one quoted word/phrase in exactly one question in the passage group.,34,1,True
6.1A,m2,reading-source-6-1a-m2-rap-19,reading-rap-e01f83375de9f2c96a209bc6,reading-rap-e01f83375de9f2c96a209bc6-q04,14,4,rap_multiple_choice,"The word ""pressures"" in the passage is closest in meaning to",pressures,reading-rap-e01f83375de9f2c96a209bc6-passage-01-p03,3,42,51,HIGH,unique_exact_quoted_text,DOCX highlighted text exactly equals one quoted word/phrase in exactly one question in the passage group.,14,1,True
6.1B,m1,reading-source-6-1b-m1-rap-08,reading-rap-f9e62e69f26b24ec00d4aa76,reading-rap-f9e62e69f26b24ec00d4aa76-q03,28,3,rap_multiple_choice,"The word ""involved"" in the passage is closest in meaning to",involved,reading-rap-f9e62e69f26b24ec00d4aa76-passage-01-p02,2,233,241,HIGH,unique_exact_quoted_text,DOCX highlighted text exactly equals one quoted word/phrase in exactly one question in the passage group.,28,1,True
6.1B,m1,reading-source-6-1b-m1-rap-08,reading-rap-f9e62e69f26b24ec00d4aa76,reading-rap-f9e62e69f26b24ec00d4aa76-q04,29,4,rap_multiple_choice,"The author mentions ""a vegan cheese substitute"" primarily in order to",a vegan cheese substitute,reading-rap-f9e62e69f26b24ec00d4aa76-passage-01-p02,2,288,313,HIGH,unique_exact_quoted_text,DOCX highlighted text exactly equals one quoted word/phrase in exactly one question in the passage group.,29,1,True
6.1B,m1,reading-source-6-1b-m1-rap-13,reading-rap-2b14b33aacc064d75314fa53,reading-rap-2b14b33aacc064d75314fa53-q01,31,1,rap_multiple_choice,"The word ""grappling"" in the passage is closest in meaning to",grappling,reading-rap-2b14b33aacc064d75314fa53-passage-01-p01,1,33,42,HIGH,unique_exact_quoted_text,DOCX highlighted text exactly equals one quoted word/phrase in exactly one question in the passage group.,31,1,True
6.1B,m2,reading-source-6-1b-m2-rap-19,reading-rap-34f6bce8fefcc9ea8c94efb8,reading-rap-34f6bce8fefcc9ea8c94efb8-q01,11,1,rap_multiple_choice,"Why does the author mention the ""higher prevalence of metabolic disorders""""?",higher prevalence of metabolic disorders,reading-rap-34f6bce8fefcc9ea8c94efb8-passage-01-p01,1,341,381,HIGH,unique_exact_quoted_text,DOCX highlighted text exactly equals one quoted word/phrase in exactly one question in the passage group.,11,1,True
6.1B,m2,reading-source-6-1b-m2-rap-19,reading-rap-34f6bce8fefcc9ea8c94efb8,reading-rap-34f6bce8fefcc9ea8c94efb8-q05,15,5,rap_multiple_choice,"The word ""rectify"" in the passage is closest in meaning to",rectify,reading-rap-34f6bce8fefcc9ea8c94efb8-passage-01-p03,3,310,317,HIGH,unique_exact_quoted_text,DOCX highlighted text exactly equals one quoted word/phrase in exactly one question in the passage group.,15,1,True
6.1C,m1,reading-source-6-1c-m1-rap-08,reading-rap-872c6a298ccb4eea664f4812,reading-rap-872c6a298ccb4eea664f4812-q04,29,4,rap_multiple_choice,"The word ""unravel"" in the passage is closest in meaning to",unravel,reading-rap-872c6a298ccb4eea664f4812-passage-01-p02,2,632,639,HIGH,unique_exact_quoted_text,DOCX highlighted text exactly equals one quoted word/phrase in exactly one question in the passage group.,29,1,True
6.1C,m1,reading-source-6-1c-m1-rap-13,reading-rap-d27de865cadb77d675378075,reading-rap-d27de865cadb77d675378075-q02,32,2,rap_multiple_choice,"The phrase ""advocated for"" in the passage is closest in meaning to",advocated for,reading-rap-d27de865cadb77d675378075-passage-01-p02,2,236,249,HIGH,unique_exact_quoted_text,DOCX highlighted text exactly equals one quoted word/phrase in exactly one question in the passage group.,32,1,True
6.1C,m2,reading-source-6-1c-m2-rap-19,reading-rap-25e10401a0a3eeb038f2636e,reading-rap-25e10401a0a3eeb038f2636e-q01,11,1,rap_multiple_choice,"The word ""subtle"" in the passage is closest in meaning to",subtle,reading-rap-25e10401a0a3eeb038f2636e-passage-01-p01,1,77,83,HIGH,unique_exact_quoted_text,DOCX highlighted text exactly equals one quoted word/phrase in exactly one question in the passage group.,11,1,True
6.2,m1,reading-source-6-2-m1-rap-07,reading-rap-356930309b8c015008667f85,reading-rap-356930309b8c015008667f85-q01,26,1,rap_multiple_choice,"The word ""revolutionize"" in the passage is closest in meaning to",revolutionize,reading-rap-356930309b8c015008667f85-passage-01-p01,1,30,43,HIGH,unique_exact_quoted_text,DOCX highlighted text exactly equals one quoted word/phrase in exactly one question in the passage group.,26,1,True
6.2,m1,reading-source-6-2-m1-rap-12,reading-rap-7d5d0462cf877efd8ae523af,reading-rap-7d5d0462cf877efd8ae523af-q01,31,1,rap_multiple_choice,"The word ""consistent"" in the passage is closest in meaning to",consistent,reading-rap-7d5d0462cf877efd8ae523af-passage-01-p01,1,68,78,HIGH,unique_exact_quoted_text,DOCX highlighted text exactly equals one quoted word/phrase in exactly one question in the passage group.,31,1,True
6.2,m2,reading-source-6-2-m2-rap-18,reading-rap-e9f22c72c388b25c9ccc03d8,reading-rap-e9f22c72c388b25c9ccc03d8-q01,11,1,rap_multiple_choice,"The word ""interplay"" in the passage is closest in meaning to",interplay,reading-rap-e9f22c72c388b25c9ccc03d8-passage-01-p01,1,322,331,HIGH,unique_exact_quoted_text,DOCX highlighted text exactly equals one quoted word/phrase in exactly one question in the passage group.,11,1,True
6.3,m1,reading-source-6-3-m1-rap-08,reading-rap-6832cb7ccf74f003a2ef7628,reading-rap-6832cb7ccf74f003a2ef7628-q01,26,1,rap_multiple_choice,"The word ""static"" in the passage is closest in meaning to",static,reading-rap-6832cb7ccf74f003a2ef7628-passage-01-p01,1,5,11,HIGH,unique_exact_quoted_text,DOCX highlighted text exactly equals one quoted word/phrase in exactly one question in the passage group.,26,1,True
6.3,m1,reading-source-6-3-m1-rap-08,reading-rap-6832cb7ccf74f003a2ef7628,reading-rap-6832cb7ccf74f003a2ef7628-q04,29,4,rap_multiple_choice,"Why does the author mention ""hospitals"" and ""office spaces""?",hospitals,reading-rap-6832cb7ccf74f003a2ef7628-passage-01-p03,3,484,493,HIGH,unique_exact_quoted_text,DOCX highlighted text exactly equals one quoted word/phrase in exactly one question in the passage group.,29,1,True
6.3,m1,reading-source-6-3-m1-rap-08,reading-rap-6832cb7ccf74f003a2ef7628,reading-rap-6832cb7ccf74f003a2ef7628-q04,29,4,rap_multiple_choice,"Why does the author mention ""hospitals"" and ""office spaces""?",office spaces,reading-rap-6832cb7ccf74f003a2ef7628-passage-01-p03,3,568,581,HIGH,unique_exact_quoted_text,DOCX highlighted text exactly equals one quoted word/phrase in exactly one question in the passage group.,29,1,True
6.3,m1,reading-source-6-3-m1-rap-13,reading-rap-fcb877e86ce9cff28b0635f8,reading-rap-fcb877e86ce9cff28b0635f8-q05,35,5,rap_multiple_choice,"The phrase ""culminating in"" in the final sentence is closest in meaning to",culminating in,reading-rap-fcb877e86ce9cff28b0635f8-passage-01-p03,3,413,427,HIGH,unique_exact_quoted_text,DOCX highlighted text exactly equals one quoted word/phrase in exactly one question in the passage group.,35,1,True
6.3,m2,reading-source-6-3-m2-rap-19,reading-rap-1f5a2a094976c7046412177a,reading-rap-1f5a2a094976c7046412177a-q02,12,2,rap_multiple_choice,"Why does the author mention ""fitting oranges into boxes""?",fitting oranges into boxes,reading-rap-1f5a2a094976c7046412177a-passage-01-p02,2,147,173,HIGH,unique_exact_quoted_text,DOCX highlighted text exactly equals one quoted word/phrase in exactly one question in the passage group.,12,1,True
6.3,m2,reading-source-6-3-m2-rap-19,reading-rap-1f5a2a094976c7046412177a,reading-rap-1f5a2a094976c7046412177a-q04,14,4,rap_multiple_choice,"The word ""belie"" in the passage is closest in meaning to",belie,reading-rap-1f5a2a094976c7046412177a-passage-01-p04,4,73,78,HIGH,unique_exact_quoted_text,DOCX highlighted text exactly equals one quoted word/phrase in exactly one question in the passage group.,14,1,True
6.6A,m1,reading-source-6-6a-m1-rap-08,reading-rap-634cdcba16cac603d9436627,reading-rap-634cdcba16cac603d9436627-q05,30,5,rap_multiple_choice,"The word ""prophecy"" in the passage is closest in meaning to",prophecy,reading-rap-634cdcba16cac603d9436627-passage-01-p03,3,178,186,HIGH,unique_exact_quoted_text,DOCX highlighted text exactly equals one quoted word/phrase in exactly one question in the passage group.,30,1,True
6.6A,m1,reading-source-6-6a-m1-rap-13,reading-rap-dbb5edec85e50734f930693e,reading-rap-dbb5edec85e50734f930693e-q01,31,1,rap_multiple_choice,"The word ""revolutionize"" in the passage is closest in meaning to",revolutionize,reading-rap-dbb5edec85e50734f930693e-passage-01-p01,1,30,43,HIGH,unique_exact_quoted_text,DOCX highlighted text exactly equals one quoted word/phrase in exactly one question in the passage group.,31,1,True
6.6A,m2,reading-source-6-6a-m2-rap-19,reading-rap-44052a9cdd0f99d094526a4b,reading-rap-44052a9cdd0f99d094526a4b-q03,13,3,rap_multiple_choice,"The word ""sophisticated"" in the passage is closest in meaning to",sophisticated,reading-rap-44052a9cdd0f99d094526a4b-passage-01-p02,2,69,82,HIGH,unique_exact_quoted_text,DOCX highlighted text exactly equals one quoted word/phrase in exactly one question in the passage group.,13,1,True
6.7A,m1,reading-source-6-7a-m1-rap-08,reading-rap-fe8411639546b0b11ec79d0b,reading-rap-fe8411639546b0b11ec79d0b-q01,26,1,rap_multiple_choice,"The word ""persevere"" in the passage is closest in meaning to",persevere,reading-rap-fe8411639546b0b11ec79d0b-passage-01-p02,2,93,102,HIGH,unique_exact_quoted_text,DOCX highlighted text exactly equals one quoted word/phrase in exactly one question in the passage group.,26,1,True
6.7A,m2,reading-source-6-7a-m2-rap-19,reading-rap-a5a1662900f8b43ba35add0e,reading-rap-a5a1662900f8b43ba35add0e-q03,13,3,rap_multiple_choice,"The word ""impediments"" in the passage is closest in meaning to",impediments,reading-rap-a5a1662900f8b43ba35add0e-passage-01-p02,2,598,609,HIGH,unique_exact_quoted_text,DOCX highlighted text exactly equals one quoted word/phrase in exactly one question in the passage group.,13,1,True
6.7B,m1,reading-source-6-7b-m1-rap-08,reading-rap-fe8411639546b0b11ec79d0b,reading-rap-fe8411639546b0b11ec79d0b-q01,26,1,rap_multiple_choice,"The word ""persevere"" in the passage is closest in meaning to",persevere,reading-rap-fe8411639546b0b11ec79d0b-passage-01-p02,2,93,102,HIGH,unique_exact_quoted_text,DOCX highlighted text exactly equals one quoted word/phrase in exactly one question in the passage group.,26,1,True
6.7B,m2,reading-source-6-7b-m2-rap-19,reading-rap-5a5d313c494dc11f7d69121b,reading-rap-5a5d313c494dc11f7d69121b-q01,11,1,rap_multiple_choice,"The word ""integrates"" in the passage is closest in meaning to",integrates,reading-rap-5a5d313c494dc11f7d69121b-passage-01-p01,1,26,36,HIGH,unique_exact_quoted_text,DOCX highlighted text exactly equals one quoted word/phrase in exactly one question in the passage group.,11,1,True
6.7B,m2,reading-source-6-7b-m2-rap-19,reading-rap-5a5d313c494dc11f7d69121b,reading-rap-5a5d313c494dc11f7d69121b-q02,12,2,rap_multiple_choice,"The passage mentions all of the following as benefits of ""efficiency"" EXCEPT",efficiency,reading-rap-5a5d313c494dc11f7d69121b-passage-01-p02,2,5,15,HIGH,unique_exact_quoted_text,DOCX highlighted text exactly equals one quoted word/phrase in exactly one question in the passage group.,12,1,True
6.7B,m2,reading-source-6-7b-m2-rap-19,reading-rap-5a5d313c494dc11f7d69121b,reading-rap-5a5d313c494dc11f7d69121b-q05,15,5,rap_multiple_choice,"According to the passage, the tendency of health informatics to emphasize data that ""fits neatly into templates"" should cause doctors to",fits neatly into templates,reading-rap-5a5d313c494dc11f7d69121b-passage-01-p03,3,120,146,HIGH,unique_exact_quoted_text,DOCX highlighted text exactly equals one quoted word/phrase in exactly one question in the passage group.,15,1,True
6.7C,m1,reading-source-6-7c-m1-rap-13,reading-rap-c63fb3651607230289cc9a21,reading-rap-c63fb3651607230289cc9a21-q01,31,1,rap_multiple_choice,"The word ""retention"" in the passage is closest in meaning to",retention,reading-rap-c63fb3651607230289cc9a21-passage-01-p01,1,466,475,HIGH,unique_exact_quoted_text,DOCX highlighted text exactly equals one quoted word/phrase in exactly one question in the passage group.,31,2,True
6.7C,m1,reading-source-6-7c-m1-rap-13,reading-rap-c63fb3651607230289cc9a21,reading-rap-c63fb3651607230289cc9a21-q04,34,4,rap_multiple_choice,"Why does the author use the phrase ""Not surprisingly"" to begin paragraph 32",Not surprisingly,reading-rap-c63fb3651607230289cc9a21-passage-01-p03,3,0,16,HIGH,unique_exact_quoted_text,DOCX highlighted text exactly equals one quoted word/phrase in exactly one question in the passage group.,34,1,True
6.7C,m1,reading-source-6-7c-m1-rap-13,reading-rap-c63fb3651607230289cc9a21,reading-rap-c63fb3651607230289cc9a21-q01,31,1,rap_multiple_choice,"The word ""retention"" in the passage is closest in meaning to",retention,reading-rap-c63fb3651607230289cc9a21-passage-01-p03,3,68,77,HIGH,unique_exact_quoted_text,DOCX highlighted text exactly equals one quoted word/phrase in exactly one question in the passage group.,31,2,True
6.7C,m2,reading-source-6-7c-m2-rap-19,reading-rap-5bf7db5133284be39a3b362d,reading-rap-5bf7db5133284be39a3b362d-q03,13,3,rap_multiple_choice,"The word ""straightforward"" in the passage is closest in meaning to",straightforward,reading-rap-5bf7db5133284be39a3b362d-passage-01-p02,2,297,312,HIGH,unique_exact_quoted_text,DOCX highlighted text exactly equals one quoted word/phrase in exactly one question in the passage group.,13,1,True
6.9,m1,reading-source-6-9-m1-rap-13,reading-rap-c0a09dd368b968fd01c859ed,reading-rap-c0a09dd368b968fd01c859ed-q01,31,1,rap_multiple_choice,"The word ""anomalies"" in the passage is closest in meaning to",anomalies,reading-rap-c0a09dd368b968fd01c859ed-passage-01-p01,1,290,299,HIGH,unique_exact_quoted_text,DOCX highlighted text exactly equals one quoted word/phrase in exactly one question in the passage group.,31,1,True
6.9,m2,reading-source-6-9-m2-rap-19,reading-rap-4042fb1dc21bdf042d6ea366,reading-rap-4042fb1dc21bdf042d6ea366-q04,14,4,rap_multiple_choice,"The word ""evoke"" in the passage is closest in meaning to",evoke,reading-rap-4042fb1dc21bdf042d6ea366-passage-01-p03,3,216,221,HIGH,unique_exact_quoted_text,DOCX highlighted text exactly equals one quoted word/phrase in exactly one question in the passage group.,14,1,True
6.10,m1,reading-source-6-10-m1-rap-13,reading-rap-26d0ed793e40bbe883e60a6a,reading-rap-26d0ed793e40bbe883e60a6a-q02,32,2,rap_multiple_choice,"Why does the author note that ""sunlight becomes chemical energy""?",sunlight becomes chemical energy,reading-rap-26d0ed793e40bbe883e60a6a-passage-01-p01,1,450,482,HIGH,unique_exact_quoted_text,DOCX highlighted text exactly equals one quoted word/phrase in exactly one question in the passage group.,32,1,True
6.10,m1,reading-source-6-10-m1-rap-13,reading-rap-26d0ed793e40bbe883e60a6a,reading-rap-26d0ed793e40bbe883e60a6a-q04,34,4,rap_multiple_choice,"The word ""disparity"" in the passage is closest in meaning to",disparity,reading-rap-26d0ed793e40bbe883e60a6a-passage-01-p02,2,302,311,HIGH,unique_exact_quoted_text,DOCX highlighted text exactly equals one quoted word/phrase in exactly one question in the passage group.,34,1,True
6.10,m2,reading-source-6-10-m2-rap-19,reading-rap-50cfc4c5fd006c1ec78a60b8,reading-rap-50cfc4c5fd006c1ec78a60b8-q01,11,1,rap_multiple_choice,"What does the passage indicate about the ""chemical changes"" in the marble of the Getty Kouros?",chemical changes,reading-rap-50cfc4c5fd006c1ec78a60b8-passage-01-p01,1,455,471,HIGH,unique_exact_quoted_text,DOCX highlighted text exactly equals one quoted word/phrase in exactly one question in the passage group.,11,1,True
6.10,m2,reading-source-6-10-m2-rap-19,reading-rap-50cfc4c5fd006c1ec78a60b8,reading-rap-50cfc4c5fd006c1ec78a60b8-q02,12,2,rap_multiple_choice,"The author mentions ""a transitional moment in Greek sculpture"" primarily in order to",a transitional moment in Greek sculpture,reading-rap-50cfc4c5fd006c1ec78a60b8-passage-01-p01,1,658,698,HIGH,unique_exact_quoted_text,DOCX highlighted text exactly equals one quoted word/phrase in exactly one question in the passage group.,12,1,True
6.14,m1,reading-source-6-14-m1-rap-13,reading-rap-a079611e1a822b5658af4b64,reading-rap-a079611e1a822b5658af4b64-q03,33,3,rap_multiple_choice,"The word ""aspirations"" in the passage is closest in meaning to",aspirations,reading-rap-a079611e1a822b5658af4b64-passage-01-p02,2,230,241,HIGH,unique_exact_quoted_text,DOCX highlighted text exactly equals one quoted word/phrase in exactly one question in the passage group.,33,1,True
6.14,m2,reading-source-6-14-m2-rap-19,reading-rap-f04bee90f6b464220dc4d249,reading-rap-f04bee90f6b464220dc4d249-q01,11,1,rap_multiple_choice,"The word ""fostered"" in the passage is closest in meaning to",fostered,reading-rap-f04bee90f6b464220dc4d249-passage-01-p01,1,447,455,HIGH,unique_exact_quoted_text,DOCX highlighted text exactly equals one quoted word/phrase in exactly one question in the passage group.,11,1,True
6.15,m1,reading-source-6-15-m1-rap-08,reading-rap-80e0d016a21881694ab06335,reading-rap-80e0d016a21881694ab06335-q02,27,2,rap_multiple_choice,"What does the phrase ""This consequentialist framework"" refer to?",This consequentialist framework,reading-rap-80e0d016a21881694ab06335-passage-01-p02,2,206,237,HIGH,unique_exact_quoted_text,DOCX highlighted text exactly equals one quoted word/phrase in exactly one question in the passage group.,27,1,True
6.15,m1,reading-source-6-15-m1-rap-08,reading-rap-80e0d016a21881694ab06335,reading-rap-80e0d016a21881694ab06335-q03,28,3,rap_multiple_choice,"The word ""allocating"" in the passage is closest in meaning to",allocating,reading-rap-80e0d016a21881694ab06335-passage-01-p02,2,482,492,HIGH,unique_exact_quoted_text,DOCX highlighted text exactly equals one quoted word/phrase in exactly one question in the passage group.,28,1,True
6.15,m1,reading-source-6-15-m1-rap-13,reading-rap-668702bfa1634d0e0a73a4d1,reading-rap-668702bfa1634d0e0a73a4d1-q03,33,3,rap_multiple_choice,"The word ""incredibly"" in the passage is closest in meaning to",incredibly,reading-rap-668702bfa1634d0e0a73a4d1-passage-01-p03,3,36,46,HIGH,unique_exact_quoted_text,DOCX highlighted text exactly equals one quoted word/phrase in exactly one question in the passage group.,33,1,True
6.15,m2,reading-source-6-15-m2-rap-19,reading-rap-c3233ad427c0e207ebb6a110,reading-rap-c3233ad427c0e207ebb6a110-q05,15,5,rap_multiple_choice,"The phrase ""culminating in"" in the final sentence is closest in meaning to",culminating in,reading-rap-c3233ad427c0e207ebb6a110-passage-01-p03,3,413,427,HIGH,unique_exact_quoted_text,DOCX highlighted text exactly equals one quoted word/phrase in exactly one question in the passage group.,15,1,True
6.16A,m1,reading-source-6-16a-m1-rap-08,reading-rap-f1ccfc79e358e55f2ee63181,reading-rap-f1ccfc79e358e55f2ee63181-q02,27,2,rap_multiple_choice,"The word ""transformative"" in the passage is closest in meaning to",transformative,reading-rap-f1ccfc79e358e55f2ee63181-passage-01-p01,1,278,292,HIGH,unique_exact_quoted_text,DOCX highlighted text exactly equals one quoted word/phrase in exactly one question in the passage group.,27,1,True
6.16A,m1,reading-source-6-16a-m1-rap-08,reading-rap-f1ccfc79e358e55f2ee63181,reading-rap-f1ccfc79e358e55f2ee63181-q04,29,4,rap_multiple_choice,"Why does the author mention ""the global spread of wireless technology""?",the global spread of wireless technology,reading-rap-f1ccfc79e358e55f2ee63181-passage-01-p03,3,448,488,HIGH,unique_exact_quoted_text,DOCX highlighted text exactly equals one quoted word/phrase in exactly one question in the passage group.,29,1,True
6.16A,m1,reading-source-6-16a-m1-rap-13,reading-rap-2662811490d7e1cb8ef50753,reading-rap-2662811490d7e1cb8ef50753-q02,32,2,rap_multiple_choice,"What does the phrase ""This consequentialist framework"" refer to?",This consequentialist framework,reading-rap-2662811490d7e1cb8ef50753-passage-01-p02,2,206,237,HIGH,unique_exact_quoted_text,DOCX highlighted text exactly equals one quoted word/phrase in exactly one question in the passage group.,32,1,True
6.16A,m1,reading-source-6-16a-m1-rap-13,reading-rap-2662811490d7e1cb8ef50753,reading-rap-2662811490d7e1cb8ef50753-q03,33,3,rap_multiple_choice,"The word ""allocating"" in the passage is closest in meaning to",allocating,reading-rap-2662811490d7e1cb8ef50753-passage-01-p02,2,482,492,HIGH,unique_exact_quoted_text,DOCX highlighted text exactly equals one quoted word/phrase in exactly one question in the passage group.,33,1,True
6.16A,m2,reading-source-6-16a-m2-rap-19,reading-rap-5a8c27c074aa0513d04f572b,reading-rap-5a8c27c074aa0513d04f572b-q03,13,3,rap_multiple_choice,"The word ""fundamentally"" in the passage is closest in meaning to",fundamentally,reading-rap-5a8c27c074aa0513d04f572b-passage-01-p03,3,259,272,HIGH,unique_exact_quoted_text,DOCX highlighted text exactly equals one quoted word/phrase in exactly one question in the passage group.,13,1,True
6.16B,m1,reading-source-6-16b-m1-rap-08,reading-rap-7066f8dd9b44a5d1e065719d,reading-rap-7066f8dd9b44a5d1e065719d-q02,27,2,rap_multiple_choice,"What does the phrase ""This consequentialist framework"" refer to?",This consequentialist framework,reading-rap-7066f8dd9b44a5d1e065719d-passage-01-p02,2,206,237,HIGH,unique_exact_quoted_text,DOCX highlighted text exactly equals one quoted word/phrase in exactly one question in the passage group.,27,1,True
6.16B,m1,reading-source-6-16b-m1-rap-08,reading-rap-7066f8dd9b44a5d1e065719d,reading-rap-7066f8dd9b44a5d1e065719d-q03,28,3,rap_multiple_choice,"The word ""allocating"" in the passage is closest in meaning to",allocating,reading-rap-7066f8dd9b44a5d1e065719d-passage-01-p02,2,482,492,HIGH,unique_exact_quoted_text,DOCX highlighted text exactly equals one quoted word/phrase in exactly one question in the passage group.,28,1,True
6.16B,m1,reading-source-6-16b-m1-rap-13,reading-rap-8ef2e4aefe74c7b7cdc2b9e1,reading-rap-8ef2e4aefe74c7b7cdc2b9e1-q03,33,3,rap_multiple_choice,"The word ""incredibly"" in the passage is closest in meaning to",incredibly,reading-rap-8ef2e4aefe74c7b7cdc2b9e1-passage-01-p03,3,36,46,HIGH,unique_exact_quoted_text,DOCX highlighted text exactly equals one quoted word/phrase in exactly one question in the passage group.,33,1,True
6.16B,m2,reading-source-6-16b-m2-rap-19,reading-rap-43fe10b35ebdf733d430c751,reading-rap-43fe10b35ebdf733d430c751-q05,15,5,rap_multiple_choice,"The phrase ""culminating in"" in the final sentence is closest in meaning to",culminating in,reading-rap-43fe10b35ebdf733d430c751-passage-01-p03,3,413,427,HIGH,unique_exact_quoted_text,DOCX highlighted text exactly equals one quoted word/phrase in exactly one question in the passage group.,15,1,True
6.17,m1,reading-source-6-17-m1-rap-08,reading-rap-25e10401a0a3eeb038f2636e,reading-rap-25e10401a0a3eeb038f2636e-q01,26,1,rap_multiple_choice,"The word ""subtle"" in the passage is closest in meaning to",subtle,reading-rap-25e10401a0a3eeb038f2636e-passage-01-p01,1,77,83,HIGH,unique_exact_quoted_text,DOCX highlighted text exactly equals one quoted word/phrase in exactly one question in the passage group.,26,1,True
6.17,m1,reading-source-6-17-m1-rap-08,reading-rap-25e10401a0a3eeb038f2636e,reading-rap-25e10401a0a3eeb038f2636e-q03,28,3,rap_multiple_choice,"Why does the author mention ""variations in rock density and the presence of faults or fractures""?",variations in rock density and the presence of faults or fractures,reading-rap-25e10401a0a3eeb038f2636e-passage-01-p02,2,238,304,HIGH,unique_exact_quoted_text,DOCX highlighted text exactly equals one quoted word/phrase in exactly one question in the passage group.,28,1,True
6.17,m1,reading-source-6-17-m1-rap-08,reading-rap-25e10401a0a3eeb038f2636e,reading-rap-25e10401a0a3eeb038f2636e-q05,30,5,rap_multiple_choice,"What does the author suggest about ""filtering methods and cross-referencing data from multiple seismometers""?",filtering methods and cross-referencing data from multiple seismometers,reading-rap-25e10401a0a3eeb038f2636e-passage-01-p03,3,242,313,HIGH,unique_exact_quoted_text,DOCX highlighted text exactly equals one quoted word/phrase in exactly one question in the passage group.,30,1,True
6.17,m1,reading-source-6-17-m1-rap-13,reading-rap-d27de865cadb77d675378075,reading-rap-d27de865cadb77d675378075-q02,32,2,rap_multiple_choice,"The phrase ""advocated for"" in the passage is closest in meaning to",advocated for,reading-rap-d27de865cadb77d675378075-passage-01-p02,2,236,249,HIGH,unique_exact_quoted_text,DOCX highlighted text exactly equals one quoted word/phrase in exactly one question in the passage group.,32,1,True
6.17,m1,reading-source-6-17-m1-rap-13,reading-rap-d27de865cadb77d675378075,reading-rap-d27de865cadb77d675378075-q03,33,3,rap_multiple_choice,"Why does the author discuss the ""grid-based approach""?",grid-based approach,reading-rap-d27de865cadb77d675378075-passage-01-p02,2,284,303,HIGH,unique_exact_quoted_text,DOCX highlighted text exactly equals one quoted word/phrase in exactly one question in the passage group.,33,1,True
6.17,m2,reading-source-6-17-m2-rap-19,reading-rap-059ab1c8259c00f0242e7951,reading-rap-059ab1c8259c00f0242e7951-q01,11,1,rap_multiple_choice,"The word ""static"" in the passage is closest in meaning to",static,reading-rap-059ab1c8259c00f0242e7951-passage-01-p01,1,5,11,HIGH,unique_exact_quoted_text,DOCX highlighted text exactly equals one quoted word/phrase in exactly one question in the passage group.,11,1,True
6.17,m2,reading-source-6-17-m2-rap-19,reading-rap-059ab1c8259c00f0242e7951,reading-rap-059ab1c8259c00f0242e7951-q04,14,4,rap_multiple_choice,"Why does the author mention ""hospitals"" and ""office spaces""?",hospitals,reading-rap-059ab1c8259c00f0242e7951-passage-01-p03,3,484,493,HIGH,unique_exact_quoted_text,DOCX highlighted text exactly equals one quoted word/phrase in exactly one question in the passage group.,14,1,True
6.17,m2,reading-source-6-17-m2-rap-19,reading-rap-059ab1c8259c00f0242e7951,reading-rap-059ab1c8259c00f0242e7951-q04,14,4,rap_multiple_choice,"Why does the author mention ""hospitals"" and ""office spaces""?",office spaces,reading-rap-059ab1c8259c00f0242e7951-passage-01-p03,3,568,581,HIGH,unique_exact_quoted_text,DOCX highlighted text exactly equals one quoted word/phrase in exactly one question in the passage group.,14,1,True
6.21A,m1,reading-source-6-21a-m1-rap-13,reading-rap-6c60773bbb66e0a8dc6adcc0,reading-rap-6c60773bbb66e0a8dc6adcc0-q05,35,5,rap_multiple_choice,"The word ""holistic"" in the passage is closest in meaning to",holistic,reading-rap-6c60773bbb66e0a8dc6adcc0-passage-01-p03,3,260,268,HIGH,unique_exact_quoted_text,DOCX highlighted text exactly equals one quoted word/phrase in exactly one question in the passage group.,35,1,True
6.21A,m2,reading-source-6-21a-m2-rap-19,reading-rap-98e3b20d6b6e1d9ce46eac7c,reading-rap-98e3b20d6b6e1d9ce46eac7c-q02,12,2,rap_sentence_selection,Identify the sentence in paragraph 2 that explains how antimicrobial resistance works. Select the sentence to make your choice.,"Bacteria develop resistance through a multitude of mechanisms, including genetic mutations and the sharing of genes, which allow them to survive antibiotic treatment and proliferate.",reading-rap-98e3b20d6b6e1d9ce46eac7c-passage-01-p02,2,0,182,HIGH,unique_exact_authoritative_sentence_answer,DOCX highlighted text exactly equals the authoritative correct sentence identified by this question's target paragraph and sentence ID.,12,1,True
6.21A,m2,reading-source-6-21a-m2-rap-19,reading-rap-98e3b20d6b6e1d9ce46eac7c,reading-rap-98e3b20d6b6e1d9ce46eac7c-q04,14,4,rap_multiple_choice,"The word ""comprehensive"" in the passage is closest in meaning to",comprehensive,reading-rap-98e3b20d6b6e1d9ce46eac7c-passage-01-p03,3,26,39,HIGH,unique_exact_quoted_text,DOCX highlighted text exactly equals one quoted word/phrase in exactly one question in the passage group.,14,1,True
6.21B,m1,reading-source-6-21b-m1-rap-13,reading-rap-6c60773bbb66e0a8dc6adcc0,reading-rap-6c60773bbb66e0a8dc6adcc0-q05,35,5,rap_multiple_choice,"The word ""holistic"" in the passage is closest in meaning to",holistic,reading-rap-6c60773bbb66e0a8dc6adcc0-passage-01-p03,3,260,268,HIGH,unique_exact_quoted_text,DOCX highlighted text exactly equals one quoted word/phrase in exactly one question in the passage group.,35,1,True
6.21B,m2,reading-source-6-21b-m2-rap-19,reading-rap-964b2c0d86db237d8e65b24e,reading-rap-964b2c0d86db237d8e65b24e-q01,11,1,rap_multiple_choice,"The word ""profound"" in the passage is closest in meaning to",profound,reading-rap-964b2c0d86db237d8e65b24e-passage-01-p01,1,147,155,HIGH,unique_exact_quoted_text,DOCX highlighted text exactly equals one quoted word/phrase in exactly one question in the passage group.,11,1,True
6.22,m1,reading-source-6-22-m1-rap-13,reading-rap-abf7cca7bbd44e6e78417d21,reading-rap-abf7cca7bbd44e6e78417d21-q01,31,1,rap_multiple_choice,"The word ""anomalies"" in the passage is closest in meaning to",anomalies,reading-rap-abf7cca7bbd44e6e78417d21-passage-01-p01,1,399,408,HIGH,unique_exact_quoted_text,DOCX highlighted text exactly equals one quoted word/phrase in exactly one question in the passage group.,31,1,True
6.22,m2,reading-source-6-22-m2-rap-19,reading-rap-bbe98bba9b4c8463d35912f4,reading-rap-bbe98bba9b4c8463d35912f4-q03,13,3,rap_multiple_choice,"The word ""milieus"" in the passage is closest in meaning to",milieus,reading-rap-bbe98bba9b4c8463d35912f4-passage-01-p01,1,624,631,HIGH,unique_exact_quoted_text,DOCX highlighted text exactly equals one quoted word/phrase in exactly one question in the passage group.,13,1,True
6.22,m2,reading-source-6-22-m2-rap-19,reading-rap-bbe98bba9b4c8463d35912f4,reading-rap-bbe98bba9b4c8463d35912f4-q04,14,4,rap_sentence_selection,Identify the sentence in paragraph 2 that describes an argument against the claims of metaphilosophy. Select the sentence to make your choice.,"Some insist that despite linguistic and cultural variation, certain philosophical concerns—like suffering, justice, or mortality—are shared across societies, suggesting a basis for universality.",reading-rap-bbe98bba9b4c8463d35912f4-passage-01-p02,2,0,194,HIGH,unique_exact_authoritative_sentence_answer,DOCX highlighted text exactly equals the authoritative correct sentence identified by this question's target paragraph and sentence ID.,14,1,True
6.23,m1,reading-source-6-23-m1-rap-13,reading-rap-c60864a200a09f24ffb1835d,reading-rap-c60864a200a09f24ffb1835d-q02,32,2,rap_multiple_choice,"The word ""premature"" in the passage is closest in meaning to",premature,reading-rap-c60864a200a09f24ffb1835d-passage-01-p02,2,309,318,HIGH,unique_exact_quoted_text,DOCX highlighted text exactly equals one quoted word/phrase in exactly one question in the passage group.,32,1,True
6.23,m2,reading-source-6-23-m2-rap-19,reading-rap-8371c3948e75cac783023b5c,reading-rap-8371c3948e75cac783023b5c-q01,11,1,rap_sentence_selection,Identify the sentence in paragraph 1 that illustrates how social network dynamics can affect personal beliefs. Select the sentence to make your choice.,"If someone regularly chats with a group of friends who share strong opinions about climate change, they may gradually adopt similar views.",reading-rap-8371c3948e75cac783023b5c-passage-01-p01,1,292,430,HIGH,unique_exact_authoritative_sentence_answer,DOCX highlighted text exactly equals the authoritative correct sentence identified by this question's target paragraph and sentence ID.,11,1,True
6.23,m2,reading-source-6-23-m2-rap-19,reading-rap-8371c3948e75cac783023b5c,reading-rap-8371c3948e75cac783023b5c-q03,13,3,rap_multiple_choice,"The word ""incredibly"" in the passage is closest in meaning to",incredibly,reading-rap-8371c3948e75cac783023b5c-passage-01-p03,3,36,46,HIGH,unique_exact_quoted_text,DOCX highlighted text exactly equals one quoted word/phrase in exactly one question in the passage group.,13,1,True
6.24,m1,reading-source-6-24-m1-rap-08,reading-rap-bd88c39e1718f0046a3df188,reading-rap-bd88c39e1718f0046a3df188-q02,27,2,rap_multiple_choice,"The word ""fosters"" in the passage is closest in meaning to",fosters,reading-rap-bd88c39e1718f0046a3df188-passage-01-p02,2,235,242,HIGH,unique_exact_quoted_text,DOCX highlighted text exactly equals one quoted word/phrase in exactly one question in the passage group.,27,1,True
6.24,m1,reading-source-6-24-m1-rap-13,reading-rap-f50dd6e4cd831e6155bb31ac,reading-rap-f50dd6e4cd831e6155bb31ac-q01,31,1,rap_sentence_selection,Identify the sentence in paragraph 1 that contrasts two branches of mathematics. Select the sentence to make your choice.,"Unlike continuous geometry—which deals with shapes and structures that are smooth and unbroken, like curves and surfaces—discrete geometry focuses on objects that are finite or countable like points, lines, and polygons.",reading-rap-f50dd6e4cd831e6155bb31ac-passage-01-p01,1,129,349,HIGH,unique_exact_authoritative_sentence_answer,DOCX highlighted text exactly equals the authoritative correct sentence identified by this question's target paragraph and sentence ID.,31,1,True
6.24,m1,reading-source-6-24-m1-rap-13,reading-rap-f50dd6e4cd831e6155bb31ac,reading-rap-f50dd6e4cd831e6155bb31ac-q04,34,4,rap_multiple_choice,"The word ""belie"" in the passage is closest in meaning to",belie,reading-rap-f50dd6e4cd831e6155bb31ac-passage-01-p04,4,73,78,HIGH,unique_exact_quoted_text,DOCX highlighted text exactly equals one quoted word/phrase in exactly one question in the passage group.,34,1,True
6.24,m2,reading-source-6-24-m2-rap-19,reading-rap-12e71c91e8c595abfee101fb,reading-rap-12e71c91e8c595abfee101fb-q03,13,3,rap_multiple_choice,"The word ""cultivate"" in the passage is closest in meaning to",cultivate,reading-rap-12e71c91e8c595abfee101fb-passage-01-p02,2,29,38,HIGH,unique_exact_quoted_text,DOCX highlighted text exactly equals one quoted word/phrase in exactly one question in the passage group.,13,1,True
6.29,m1,reading-source-6-29-m1-rap-08,reading-rap-fe8411639546b0b11ec79d0b,reading-rap-fe8411639546b0b11ec79d0b-q01,26,1,rap_multiple_choice,"The word ""persevere"" in the passage is closest in meaning to",persevere,reading-rap-fe8411639546b0b11ec79d0b-passage-01-p02,2,93,102,HIGH,unique_exact_quoted_text,DOCX highlighted text exactly equals one quoted word/phrase in exactly one question in the passage group.,26,1,True
6.29,m2,reading-source-6-29-m2-rap-19,reading-rap-34f6bce8fefcc9ea8c94efb8,reading-rap-34f6bce8fefcc9ea8c94efb8-q05,15,5,rap_multiple_choice,"The word ""rectify"" in the passage is closest in meaning to",rectify,reading-rap-34f6bce8fefcc9ea8c94efb8-passage-01-p03,3,310,317,HIGH,unique_exact_quoted_text,DOCX highlighted text exactly equals one quoted word/phrase in exactly one question in the passage group.,15,1,True
6.30A,m1,reading-source-6-30a-m1-rap-08,reading-rap-2a8207a6f456303be8bfd836,reading-rap-2a8207a6f456303be8bfd836-q01,26,1,rap_multiple_choice,"The word ""norms"" in the passage is closest in meaning to",norms,reading-rap-2a8207a6f456303be8bfd836-passage-01-p01,1,208,213,HIGH,unique_exact_quoted_text,DOCX highlighted text exactly equals one quoted word/phrase in exactly one question in the passage group.,26,1,True
6.30A,m1,reading-source-6-30a-m1-rap-08,reading-rap-2a8207a6f456303be8bfd836,reading-rap-2a8207a6f456303be8bfd836-q04,29,4,rap_multiple_choice,"The phrase ""these dynamics"" in the passage refers to",these dynamics,reading-rap-2a8207a6f456303be8bfd836-passage-01-p01,1,1089,1103,HIGH,unique_exact_quoted_text,DOCX highlighted text exactly equals one quoted word/phrase in exactly one question in the passage group.,29,1,True
6.30A,m1,reading-source-6-30a-m1-rap-13,reading-rap-5773e5b9a84f86d3ac356a45,reading-rap-5773e5b9a84f86d3ac356a45-q04,34,4,rap_multiple_choice,"The word ""evoke"" in the passage is closest in meaning to",evoke,reading-rap-5773e5b9a84f86d3ac356a45-passage-01-p03,3,216,221,HIGH,unique_exact_quoted_text,DOCX highlighted text exactly equals one quoted word/phrase in exactly one question in the passage group.,34,1,True
6.30A,m2,reading-source-6-30a-m2-rap-19,reading-rap-08f66e6c2b3e25bd34fa0651,reading-rap-08f66e6c2b3e25bd34fa0651-q03,13,3,rap_multiple_choice,"The word ""stewardship"" in the passage is closest in meaning to",stewardship,reading-rap-08f66e6c2b3e25bd34fa0651-passage-01-p03,3,94,105,HIGH,unique_exact_quoted_text,DOCX highlighted text exactly equals one quoted word/phrase in exactly one question in the passage group.,13,1,True
6.30B,m1,reading-source-6-30b-m1-rap-13,reading-rap-c0a09dd368b968fd01c859ed,reading-rap-c0a09dd368b968fd01c859ed-q01,31,1,rap_multiple_choice,"The word ""anomalies"" in the passage is closest in meaning to",anomalies,reading-rap-c0a09dd368b968fd01c859ed-passage-01-p01,1,290,299,HIGH,unique_exact_quoted_text,DOCX highlighted text exactly equals one quoted word/phrase in exactly one question in the passage group.,31,1,True
6.30B,m1,reading-source-6-30b-m1-rap-13,reading-rap-c0a09dd368b968fd01c859ed,reading-rap-c0a09dd368b968fd01c859ed-q03,33,3,rap_sentence_selection,Identify the sentence in paragraph 2 that highlights a limitation of interactive dashboards. Select the sentence to make your choice.,"However, the effectiveness of these dashboards often hinges on the user's ability to interpret complex visual cues, which can be overwhelming.",reading-rap-c0a09dd368b968fd01c859ed-passage-01-p02,2,338,480,HIGH,unique_exact_authoritative_sentence_answer,DOCX highlighted text exactly equals the authoritative correct sentence identified by this question's target paragraph and sentence ID.,33,1,True
6.30B,m2,reading-source-6-30b-m2-rap-19,reading-rap-08f66e6c2b3e25bd34fa0651,reading-rap-08f66e6c2b3e25bd34fa0651-q03,13,3,rap_multiple_choice,"The word ""stewardship"" in the passage is closest in meaning to",stewardship,reading-rap-08f66e6c2b3e25bd34fa0651-passage-01-p03,3,94,105,HIGH,unique_exact_quoted_text,DOCX highlighted text exactly equals one quoted word/phrase in exactly one question in the passage group.,13,1,True
